sample_index,dice_score
0,0.73901993
1,0.73656756
2,0.74015224
3,0.73848593
4,0.7413294
5,0.73909223
6,0.74221295
7,0.7389205
8,0.738291
9,0.7353859
